{"site_id":"2","ad":"-1","f1_mean":0.5582236696,"f2_mean":42.8333333333,"f_mean":7.4179477426,"feature-4_mean":4.223642609,"feature-1_std":0.2749513905,"feature-2_std":30.553986635,"feature-3_std":2.4049522506,"feature-4_std":1.0062613956}
{"site_id":"2","ad":"1","f1_mean":0.8044461607,"f2_mean":49.9315068493,"f_mean":8.0309157651,"feature-4_mean":4.8788971972,"feature-1_std":0.5733173776,"feature-2_std":27.2979083281,"feature-3_std":2.2335825732,"feature-4_std":1.5009020902}
{"site_id":"2","ad":"2","f1_mean":0.9654557658,"f2_mean":45.4466019417,"f_mean":7.5834199993,"feature-4_mean":5.1718734564,"feature-1_std":0.7044001823,"feature-2_std":29.7135765349,"feature-3_std":2.6387445048,"feature-4_std":1.8232982508}
{"site_id":"3","ad":"-1","f1_mean":0.4965977634,"f2_mean":49.6629834254,"f_mean":7.7551297273,"feature-4_mean":4.0500021911,"feature-1_std":0.2844391193,"feature-2_std":27.9468187405,"feature-3_std":2.3306417413,"feature-4_std":1.0028973008}
{"site_id":"3","ad":"3","f1_mean":0.9827627944,"f2_mean":47.2066115702,"f_mean":7.7194029731,"feature-4_mean":5.2406360218,"feature-1_std":0.6990798561,"feature-2_std":29.6375092733,"feature-3_std":2.5343673697,"feature-4_std":1.753296397}
{"site_id":"3","ad":"1","f1_mean":0.9938898247,"f2_mean":49.4131455399,"f_mean":7.9474895237,"feature-4_mean":5.2770053571,"feature-1_std":0.7261550973,"feature-2_std":27.0681915944,"feature-3_std":2.3740375532,"feature-4_std":1.7785562034}
{"site_id":"4","ad":"3","f1_mean":0.830321723,"f2_mean":41.1666666667,"f_mean":7.3527250917,"feature-4_mean":4.810783051,"feature-1_std":0.6559428857,"feature-2_std":23.2714164487,"feature-3_std":2.0703804324,"feature-4_std":1.8405555221}
{"site_id":"2","ad":"3","f1_mean":0.9177342137,"f2_mean":51.75,"f_mean":7.9195149117,"feature-4_mean":4.9013828064,"feature-1_std":0.8714366082,"feature-2_std":28.9451908626,"feature-3_std":2.755849567,"feature-4_std":2.2820760152}
{"site_id":"3","ad":"2","f1_mean":0.9184390616,"f2_mean":51.7682926829,"f_mean":7.9900691799,"feature-4_mean":5.1296662957,"feature-1_std":0.6480181792,"feature-2_std":29.7817413412,"feature-3_std":2.5236324492,"feature-4_std":1.7128518684}
{"site_id":"4","ad":"1","f1_mean":0.9538709672,"f2_mean":55.3913043478,"f_mean":8.2260855483,"feature-4_mean":5.282419642,"feature-1_std":0.6582479144,"feature-2_std":25.3623542255,"feature-3_std":1.8977193522,"feature-4_std":1.6560133741}
{"site_id":"4","ad":"-1","f1_mean":0.5577830919,"f2_mean":34.875,"f_mean":6.1443222151,"feature-4_mean":4.0274241119,"feature-1_std":0.3180311923,"feature-2_std":26.2751466853,"feature-3_std":2.3882967907,"feature-4_std":0.9890520456}
{"site_id":"4","ad":"2","f1_mean":1.0213827204,"f2_mean":43.5833333333,"f_mean":6.9752032724,"feature-4_mean":5.2410940988,"feature-1_std":0.6672108189,"feature-2_std":30.9235371766,"feature-3_std":3.065825686,"feature-4_std":1.6789616011}